metodo,tamanho,tempo,comparacoes,trocas 
Bubble sort,10000,0.000000,9999,0
Bubble sort,50000,0.000000,49999,0
Bubble sort,100000,0.000000,99999,0
Insertion sort,10000,0.000000,9999,0
Insertion sort,50000,0.000000,49999,0
Insertion sort,100000,0.000997,99999,0
Selection sort,10000,0.183508,49995000,0
Selection sort,50000,3.432879,1249975000,0
Selection sort,100000,13.898868,4999950000,0
