metodo,tamanho,tempo,comparacoes,trocas 
Bubble sort,10000,0.429846,49995000,49995000
Bubble sort,50000,11.101333,1249975000,1249975000
Bubble sort,100000,42.100331,4999950000,4999950000
Insertion sort,10000,0.400928,49995000,49995000
Insertion sort,50000,9.666132,1249975000,1249975000
Insertion sort,100000,38.420678,4999950000,4999950000
Selection sort,10000,0.145611,49995000,5000
Selection sort,50000,3.479751,1249975000,25000
Selection sort,100000,13.618554,4999950000,50000
