metodo,tamanho,tempo,comparacoes,trocas 
Bubble sort,10000,0.422261,49995000,49995000
Bubble sort,50000,10.533232,1249975000,1249975000
Bubble sort,100000,42.085598,4999950000,4999950000
Insertion sort,10000,0.428766,49985001,49985001
Insertion sort,50000,9.447177,1249925001,1249925001
Insertion sort,100000,38.260278,4999850001,4999850001
Selection sort,10000,0.425038,50004999,49995000
Selection sort,50000,9.300296,1250024999,1249975000
Selection sort,100000,37.003544,5000049999,4999950000
