metodo,tamanho,tempo,comparacoes,trocas 
Bubble sort,10000,0.000000,9999,0
Bubble sort,50000,0.000000,49999,0
Bubble sort,100000,0.000000,99999,0
Insertion sort,10000,0.000000,9998,0
Insertion sort,50000,0.000998,49998,0
Insertion sort,100000,0.000000,99998,0
Selection sort,10000,0.173537,50004999,0
Selection sort,50000,3.277524,1250024999,0
Selection sort,100000,13.333536,5000049999,0
