metodo,tamanho,tempo,comparacoes,trocas 
Bubble sort,10000,0.393744,49995000,25187716
Bubble sort,50000,10.939482,1249975000,621394214
Bubble sort,100000,44.443621,4999950000,2506379470
Insertion sort,10000,0.197295,25190593,25180602
Insertion sort,50000,4.722062,621408352,621358362
Insertion sort,100000,18.952688,2506407372,2506307385
Selection sort,10000,0.390218,50004999,23055958
Selection sort,50000,9.272211,1250024999,397102721
Selection sort,100000,31.263117,5000049999,1131849446
