metodo,tamanho,tempo,comparacoes,trocas 
Bubble sort,10000,0.399930,49995000,24905373
Bubble sort,50000,11.460330,1249975000,626412981
Bubble sort,100000,46.676157,4999950000,2494692214
Insertion sort,10000,0.199465,24915368,24905373
Insertion sort,50000,4.864942,626462968,626412981
Insertion sort,100000,19.927747,2494792199,2494692214
Selection sort,10000,0.135666,49995000,9993
Selection sort,50000,3.414890,1249975000,49990
Selection sort,100000,13.615562,4999950000,99988
